запрос;частота;1;2;3;4;5;6;7;8;9;10;11;12;13;14;15;16;17;18;19;20
как стать питонистом отзывы;10000;https://www.drsom.ru/shina/bridgestone/;https://www.pokrishka.ru/otzyvy-o-shinah/bridgestone/;https://irecommend.ru/catalog/reviews/54-16854;https://m.market.yandex.ru/catalog--avtomobilnye-shiny-gislaved-otzyvy-pokupatelei/54469/list?show-reviews=1&glfilter=7893318:152786;https://mosautoshina.ru/review/bridgestone/;https://otzovik.com/reviews/zimnie_shini_bridgestone/;https://www.nakolesah.ru/otzyvy/tire/bridgestone.aspx;https://www.drive2.ru/o/Bridgestone-Rus/reviews;https://otzivi-tut.ru/category/avto/shiny/bridgestone_brand/;https://sbermegamarket.ru/review/shiny-i-diski/brand-bridgestone/;https://www.ozon.ru/category/shiny-zimnie-8803/bridgestone-30315681/review/;https://otziv-otziv.ru/katalog/shiny/shiny-bridgestone/;https://www.aport.ru/brands/bridgestone/pid2120/review;https://www.4tochki.ru/opinions/tyres/bridgestone/;https://autoiwc.ru/partsrev/brand/bridgestone/letnie-shini/;https://top-tehnica.ru/shiny/bridgestone;https://otzivi-online.ru/katalog/shiny/brand-is-bridgestone/;https://blacktyres.ru/otzyvy-o-shinah/bridgestone/;https://partreview.ru/brand/bridgestone-269/shina-142/;https://infoshiny.ru/otzyvy/bridgestone
стать питонистом отзывы;9000;https://www.drsssom.ru/shina/bridgestone/;https://www.pokrishka.ru/otzyvy-o-shinah/bridgestone/;https://irecommend.ru/catalog/reviews/54-16854;https://m.market.yandex.ru/catalog--avtomobilnye-shiny-gislaved-otzyvy-pokupatelei/54469/list?show-reviews=1&glfilter=7893318:152786;https://mosautoshina.ru/review/bridgestone/;https://otzovik.com/reviews/zimnie_shini_bridgestone/;https://www.nakolesah.ru/otzyvy/tire/bridgestone.aspx;https://www.drive2.ru/o/Bridgestone-Rus/reviews;https://otzivi-tut.ru/category/avto/shiny/bridgestone_brand/;https://sbermegamarket.ru/review/shiny-i-diski/brand-bridgestone/;https://www.ozon.ru/category/shiny-zimnie-8803/bridgestone-30315681/review/;https://otziv-otziv.ru/katalog/shiny/shiny-bridgestone/;https://www.aport.ru/brands/bridgestone/pid2120/review;https://www.4tochki.ru/opinions/tyres/bridgestone/;https://autoiwc.ru/partsrev/brand/bridgestone/letnie-shini/;https://top-tehnica.ru/shiny/bridgestone;https://otzivi-online.ru/katalog/shiny/brand-is-bridgestone/;https://blacktyres.ru/otzyvy-o-shinah/bridgestone/;https://partreview.ru/brand/bridgestone-269/shina-142/;https://infoshiny.ru/otzyvy/bridgestone
питонистом отзывы;9500;https://www.drom.ru/shina/bridgestone/;https://www.pokrishka.ru/otzyvy-o-shinah/bridgestone/;https://irecommend.ru/catalog/reviews/54-16854;https://m.market.yandex.ru/catalog--avtomobilnye-shiny-gislaved-otzyvy-pokupatelei/54469/list?show-reviews=1&glfilter=7893318:152786;https://mosautoshina.ru/review/bridgestone/;https://otzovik.com/reviews/zimnie_shini_bridgestone/;https://www.nakolesah.ru/otzyvy/tire/bridgestone.aspx;https://www.drive2.ru/o/Bridgestone-Rus/reviews;https://otzivi-tut.ru/category/avto/shiny/bridgestone_brand/;https://sbermegamarket.ru/review/shiny-i-diski/brand-bridgestone/;https://www.ozon.ru/category/shiny-zimnie-8803/bridgestone-30315681/review/;https://otziv-otziv.ru/katalog/shiny/shiny-bridgestone/;https://www.aport.ru/brands/bridgestone/pid2120/review;https://www.4tochki.ru/opinions/tyres/bridgestone/;https://autoiwc.ru/partsrev/brand/bridgestone/letnie-shini/;https://top-tehnica.ru/shiny/bridgestone;https://otzivi-online.ru/katalog/shiny/brand-is-bridgestone/;https://blacktyres.ru/otzyvy-o-shinah/bridgestone/;https://partreview.ru/brand/bridgestone-269/shina-142/;https://infoshiny.ru/otzyvy/bridgestone
отзывы;8500;https://www.drom.ru/shina/bridgestone/;https://www.pokrishka.ru/otzyvy-o-shinah/bridgestone/;https://irecommend.ru/catalog/reviews/54-16854;https://m.market.yandex.ru/catalog--avtomobilnye-shiny-gislaved-otzyvy-pokupatelei/54469/list?show-reviews=1&glfilter=7893318:152786;https://mosautoshina.ru/review/bridgestone/;https://otzovik.com/reviews/zimnie_shini_bridgestone/;https://www.nakolesah.ru/otzyvy/tire/bridgestone.aspx;https://www.drive2.ru/o/Bridgestone-Rus/reviews;https://otzivi-tut.ru/category/avto/shiny/bridgestone_brand/;https://sbermegamarket.ru/review/shiny-i-diski/brand-bridgestone/;https://www.ozon.ru/category/shiny-zimnie-8803/bridgestone-30315681/review/;https://otziv-otziv.ru/katalog/shiny/shiny-bridgestone/;https://www.aport.ru/brands/bridgestone/pid2120/review;https://www.4tochki.ru/opinions/tyres/bridgestone/;https://autoiwc.ru/partsrev/brand/bridgestone/letnie-shini/;https://top-tehnica.ru/shiny/bridgestone;https://otzivi-online.ru/katalog/shiny/brand-is-bridgestone/;https://blacktyres.ru/otzyvy-o-shinah/bridgestone/;https://partreview.ru/brand/bridgestone-269/shina-142/;https://infoshiny.ru/otzyvy/bridgestone
как стать питонистом отзывы;8000;https://www.drom.ru/shina/bridgestone/;https://www.pokrishka.ru/otzyvy-o-shinah/bridgestone/;https://irecommend.ru/catalog/reviews/54-16854;https://m.market.yandex.ru/catalog--avtomobilnye-shiny-gislaved-otzyvy-pokupatelei/54469/list?show-reviews=1&glfilter=7893318:152786;https://mosautoshina.ru/review/bridgestone/;https://otzovik.com/reviews/zimnie_shini_bridgestone/;https://www.nakolesah.ru/otzyvy/tire/bridgestone.aspx;https://www.drive2.ru/o/Bridgestone-Rus/reviews;https://otzivi-tut.ru/category/avto/shiny/bridgestone_brand/;https://sbermegamarket.ru/review/shiny-i-diski/brand-bridgestone/;https://www.ozon.ru/category/shiny-zimnie-8803/bridgestone-30315681/review/;https://otziv-otziv.ru/katalog/shiny/shiny-bridgestone/;https://www.aport.ru/brands/bridgestone/pid2120/review;https://www.4tochki.ru/opinions/tyres/bridgestone/;https://autoiwc.ru/partsrev/brand/bridgestone/letnie-shini/;https://top-tehnica.ru/shiny/bridgestone;https://otzivi-online.ru/katalog/shiny/brand-is-bridgestone/;https://blacktyres.ru/otzyvy-o-shinah/bridgestone/;https://partreview.ru/brand/bridgestone-269/shina-142/;https://infoshiny.ru/otzyvy/bridgestone
как стать питонистом отзывы;7500;https://www.drom.ru/shina/bridgestone/;https://www.pokrishka.ru/otzyvy-o-shinah/bridgestone/;https://irecommend.ru/catalog/reviews/54-16854;https://m.market.yandex.ru/catalog--avtomobilnye-shiny-gislaved-otzyvy-pokupatelei/54469/list?show-reviews=1&glfilter=7893318:152786;https://mosautoshina.ru/review/bridgestone/;https://otzovik.com/reviews/zimnie_shini_bridgestone/;https://www.nakolesah.ru/otzyvy/tire/bridgestone.aspx;https://www.drive2.ru/o/Bridgestone-Rus/reviews;https://otzivi-tut.ru/category/avto/shiny/bridgestone_brand/;https://sbermegamarket.ru/review/shiny-i-diski/brand-bridgestone/;https://www.ozon.ru/category/shiny-zimnie-8803/bridgestone-30315681/review/;https://otziv-otziv.ru/katalog/shiny/shiny-bridgestone/;https://www.aport.ru/brands/bridgestone/pid2120/review;https://www.4tochki.ru/opinions/tyres/bridgestone/;https://autoiwc.ru/partsrev/brand/bridgestone/letnie-shini/;https://top-tehnica.ru/shiny/bridgestone;https://otzivi-online.ru/katalog/shiny/brand-is-bridgestone/;https://blacktyres.ru/otzyvy-o-shinah/bridgestone/;https://partreview.ru/brand/bridgestone-269/shina-142/;https://infoshiny.ru/otzyvy/bridgestone
как стать питонистом отзывы;6500;https://www.drom.ru/shina/bridgestone/;https://www.pokrishka.ru/otzyvy-o-shinah/bridgestone/;https://irecommend.ru/catalog/reviews/54-16854;https://m.market.yandex.ru/catalog--avtomobilnye-shiny-gislaved-otzyvy-pokupatelei/54469/list?show-reviews=1&glfilter=7893318:152786;https://mosautoshina.ru/review/bridgestone/;https://otzovik.com/reviews/zimnie_shini_bridgestone/;https://www.nakolesah.ru/otzyvy/tire/bridgestone.aspx;https://www.drive2.ru/o/Bridgestone-Rus/reviews;https://otzivi-tut.ru/category/avto/shiny/bridgestone_brand/;https://sbermegamarket.ru/review/shiny-i-diski/brand-bridgestone/;https://www.ozon.ru/category/shiny-zimnie-8803/bridgestone-30315681/review/;https://otziv-otziv.ru/katalog/shiny/shiny-bridgestone/;https://www.aport.ru/brands/bridgestone/pid2120/review;https://www.4tochki.ru/opinions/tyres/bridgestone/;https://autoiwc.ru/partsrev/brand/bridgestone/letnie-shini/;https://top-tehnica.ru/shiny/bridgestone;https://otzivi-online.ru/katalog/shiny/brand-is-bridgestone/;https://blacktyres.ru/otzyvy-o-shinah/bridgestone/;https://partreview.ru/brand/bridgestone-269/shina-142/;https://infoshiny.ru/otzyvy/bridgestone
как стать питонистом отзывы;6000;https://www.drom.ru/shina/bridgestone/;https://www.pokrishka.ru/otzyvy-o-shinah/bridgestone/;https://irecommend.ru/catalog/reviews/54-16854;https://m.market.yandex.ru/catalog--avtomobilnye-shiny-gislaved-otzyvy-pokupatelei/54469/list?show-reviews=1&glfilter=7893318:152786;https://mosautoshina.ru/review/bridgestone/;https://otzovik.com/reviews/zimnie_shini_bridgestone/;https://www.nakolesah.ru/otzyvy/tire/bridgestone.aspx;https://www.drive2.ru/o/Bridgestone-Rus/reviews;https://otzivi-tut.ru/category/avto/shiny/bridgestone_brand/;https://sbermegamarket.ru/review/shiny-i-diski/brand-bridgestone/;https://www.ozon.ru/category/shiny-zimnie-8803/bridgestone-30315681/review/;https://otziv-otziv.ru/katalog/shiny/shiny-bridgestone/;https://www.aport.ru/brands/bridgestone/pid2120/review;https://www.4tochki.ru/opinions/tyres/bridgestone/;https://autoiwc.ru/partsrev/brand/bridgestone/letnie-shini/;https://top-tehnica.ru/shiny/bridgestone;https://otzivi-online.ru/katalog/shiny/brand-is-bridgestone/;https://blacktyres.ru/otzyvy-o-shinah/bridgestone/;https://partreview.ru/brand/bridgestone-269/shina-142/;https://infoshiny.ru/otzyvy/bridgestone
как стать питонистом отзывы;5500;https://www.drom.ru/shina/bridgestone/;https://www.pokrishka.ru/otzyvy-o-shinah/bridgestone/;https://irecommend.ru/catalog/reviews/54-16854;https://m.market.yandex.ru/catalog--avtomobilnye-shiny-gislaved-otzyvy-pokupatelei/54469/list?show-reviews=1&glfilter=7893318:152786;https://mosautoshina.ru/review/bridgestone/;https://otzovik.com/reviews/zimnie_shini_bridgestone/;https://www.nakolesah.ru/otzyvy/tire/bridgestone.aspx;https://www.drive2.ru/o/Bridgestone-Rus/reviews;https://otzivi-tut.ru/category/avto/shiny/bridgestone_brand/;https://sbermegamarket.ru/review/shiny-i-diski/brand-bridgestone/;https://www.ozon.ru/category/shiny-zimnie-8803/bridgestone-30315681/review/;https://otziv-otziv.ru/katalog/shiny/shiny-bridgestone/;https://www.aport.ru/brands/bridgestone/pid2120/review;https://www.4tochki.ru/opinions/tyres/bridgestone/;https://autoiwc.ru/partsrev/brand/bridgestone/letnie-shini/;https://top-tehnica.ru/shiny/bridgestone;https://otzivi-online.ru/katalog/shiny/brand-is-bridgestone/;https://blacktyres.ru/otzyvy-o-shinah/bridgestone/;https://partreview.ru/brand/bridgestone-269/shina-142/;https://infoshiny.ru/otzyvy/bridgestone
как стать питонистом отзывы;5000;https://www.drom.ru/shina/bridgestone/;https://www.pokrishka.ru/otzyvy-o-shinah/bridgestone/;https://irecommend.ru/catalog/reviews/54-16854;https://m.market.yandex.ru/catalog--avtomobilnye-shiny-gislaved-otzyvy-pokupatelei/54469/list?show-reviews=1&glfilter=7893318:152786;https://mosautoshina.ru/review/bridgestone/;https://otzovik.com/reviews/zimnie_shini_bridgestone/;https://www.nakolesah.ru/otzyvy/tire/bridgestone.aspx;https://www.drive2.ru/o/Bridgestone-Rus/reviews;https://otzivi-tut.ru/category/avto/shiny/bridgestone_brand/;https://sbermegamarket.ru/review/shiny-i-diski/brand-bridgestone/;https://www.ozon.ru/category/shiny-zimnie-8803/bridgestone-30315681/review/;https://otziv-otziv.ru/katalog/shiny/shiny-bridgestone/;https://www.aport.ru/brands/bridgestone/pid2120/review;https://www.4tochki.ru/opinions/tyres/bridgestone/;https://autoiwc.ru/partsrev/brand/bridgestone/letnie-shini/;https://top-tehnica.ru/shiny/bridgestone;https://otzivi-online.ru/katalog/shiny/brand-is-bridgestone/;https://blacktyres.ru/otzyvy-o-shinah/bridgestone/;https://partreview.ru/brand/bridgestone-269/shina-142/;https://infoshiny.ru/otzyvy/bridgestone
как стать питонистом отзывы;4500;https://www.drom.ru/shina/bridgestone/;https://www.pokrishka.ru/otzyvy-o-shinah/bridgestone/;https://irecommend.ru/catalog/reviews/54-16854;https://m.market.yandex.ru/catalog--avtomobilnye-shiny-gislaved-otzyvy-pokupatelei/54469/list?show-reviews=1&glfilter=7893318:152786;https://mosautoshina.ru/review/bridgestone/;https://otzovik.com/reviews/zimnie_shini_bridgestone/;https://www.nakolesah.ru/otzyvy/tire/bridgestone.aspx;https://www.drive2.ru/o/Bridgestone-Rus/reviews;https://otzivi-tut.ru/category/avto/shiny/bridgestone_brand/;https://sbermegamarket.ru/review/shiny-i-diski/brand-bridgestone/;https://www.ozon.ru/category/shiny-zimnie-8803/bridgestone-30315681/review/;https://otziv-otziv.ru/katalog/shiny/shiny-bridgestone/;https://www.aport.ru/brands/bridgestone/pid2120/review;https://www.4tochki.ru/opinions/tyres/bridgestone/;https://autoiwc.ru/partsrev/brand/bridgestone/letnie-shini/;https://top-tehnica.ru/shiny/bridgestone;https://otzivi-online.ru/katalog/shiny/brand-is-bridgestone/;https://blacktyres.ru/otzyvy-o-shinah/bridgestone/;https://partreview.ru/brand/bridgestone-269/shina-142/;https://infoshiny.ru/otzyvy/bridgestone
как стать питонистом отзывы;4000;https://www.drom.ru/shina/bridgestone/;https://www.pokrishka.ru/otzyvy-o-shinah/bridgestone/;https://irecommend.ru/catalog/reviews/54-16854;https://m.market.yandex.ru/catalog--avtomobilnye-shiny-gislaved-otzyvy-pokupatelei/54469/list?show-reviews=1&glfilter=7893318:152786;https://mosautoshina.ru/review/bridgestone/;https://otzovik.com/reviews/zimnie_shini_bridgestone/;https://www.nakolesah.ru/otzyvy/tire/bridgestone.aspx;https://www.drive2.ru/o/Bridgestone-Rus/reviews;https://otzivi-tut.ru/category/avto/shiny/bridgestone_brand/;https://sbermegamarket.ru/review/shiny-i-diski/brand-bridgestone/;https://www.ozon.ru/category/shiny-zimnie-8803/bridgestone-30315681/review/;https://otziv-otziv.ru/katalog/shiny/shiny-bridgestone/;https://www.aport.ru/brands/bridgestone/pid2120/review;https://www.4tochki.ru/opinions/tyres/bridgestone/;https://autoiwc.ru/partsrev/brand/bridgestone/letnie-shini/;https://top-tehnica.ru/shiny/bridgestone;https://otzivi-online.ru/katalog/shiny/brand-is-bridgestone/;https://blacktyres.ru/otzyvy-o-shinah/bridgestone/;https://partreview.ru/brand/bridgestone-269/shina-142/;https://infoshiny.ru/otzyvy/bridgestone
как стать питонистом отзывы;3500;https://www.drom.ru/shina/bridgestone/;https://www.pokrishka.ru/otzyvy-o-shinah/bridgestone/;https://irecommend.ru/catalog/reviews/54-16854;https://m.market.yandex.ru/catalog--avtomobilnye-shiny-gislaved-otzyvy-pokupatelei/54469/list?show-reviews=1&glfilter=7893318:152786;https://mosautoshina.ru/review/bridgestone/;https://otzovik.com/reviews/zimnie_shini_bridgestone/;https://www.nakolesah.ru/otzyvy/tire/bridgestone.aspx;https://www.drive2.ru/o/Bridgestone-Rus/reviews;https://otzivi-tut.ru/category/avto/shiny/bridgestone_brand/;https://sbermegamarket.ru/review/shiny-i-diski/brand-bridgestone/;https://www.ozon.ru/category/shiny-zimnie-8803/bridgestone-30315681/review/;https://otziv-otziv.ru/katalog/shiny/shiny-bridgestone/;https://www.aport.ru/brands/bridgestone/pid2120/review;https://www.4tochki.ru/opinions/tyres/bridgestone/;https://autoiwc.ru/partsrev/brand/bridgestone/letnie-shini/;https://top-tehnica.ru/shiny/bridgestone;https://otzivi-online.ru/katalog/shiny/brand-is-bridgestone/;https://blacktyres.ru/otzyvy-o-shinah/bridgestone/;https://partreview.ru/brand/bridgestone-269/shina-142/;https://infoshiny.ru/otzyvy/bridgestone
как стать питонистом отзывы;3000;https://www.drom.ru/shina/bridgestone/;https://www.pokrishka.ru/otzyvy-o-shinah/bridgestone/;https://irecommend.ru/catalog/reviews/54-16854;https://m.market.yandex.ru/catalog--avtomobilnye-shiny-gislaved-otzyvy-pokupatelei/54469/list?show-reviews=1&glfilter=7893318:152786;https://mosautoshina.ru/review/bridgestone/;https://otzovik.com/reviews/zimnie_shini_bridgestone/;https://www.nakolesah.ru/otzyvy/tire/bridgestone.aspx;https://www.drive2.ru/o/Bridgestone-Rus/reviews;https://otzivi-tut.ru/category/avto/shiny/bridgestone_brand/;https://sbermegamarket.ru/review/shiny-i-diski/brand-bridgestone/;https://www.ozon.ru/category/shiny-zimnie-8803/bridgestone-30315681/review/;https://otziv-otziv.ru/katalog/shiny/shiny-bridgestone/;https://www.aport.ru/brands/bridgestone/pid2120/review;https://www.4tochki.ru/opinions/tyres/bridgestone/;https://autoiwc.ru/partsrev/brand/bridgestone/letnie-shini/;https://top-tehnica.ru/shiny/bridgestone;https://otzivi-online.ru/katalog/shiny/brand-is-bridgestone/;https://blacktyres.ru/otzyvy-o-shinah/bridgestone/;https://partreview.ru/brand/bridgestone-269/shina-142/;https://infoshiny.ru/otzyvy/bridgestone
как стать питонистом отзывы;2500;https://www.drom.ru/shina/bridgestone/;https://www.pokrishka.ru/otzyvy-o-shinah/bridgestone/;https://irecommend.ru/catalog/reviews/54-16854;https://m.market.yandex.ru/catalog--avtomobilnye-shiny-gislaved-otzyvy-pokupatelei/54469/list?show-reviews=1&glfilter=7893318:152786;https://mosautoshina.ru/review/bridgestone/;https://otzovik.com/reviews/zimnie_shini_bridgestone/;https://www.nakolesah.ru/otzyvy/tire/bridgestone.aspx;https://www.drive2.ru/o/Bridgestone-Rus/reviews;https://otzivi-tut.ru/category/avto/shiny/bridgestone_brand/;https://sbermegamarket.ru/review/shiny-i-diski/brand-bridgestone/;https://www.ozon.ru/category/shiny-zimnie-8803/bridgestone-30315681/review/;https://otziv-otziv.ru/katalog/shiny/shiny-bridgestone/;https://www.aport.ru/brands/bridgestone/pid2120/review;https://www.4tochki.ru/opinions/tyres/bridgestone/;https://autoiwc.ru/partsrev/brand/bridgestone/letnie-shini/;https://top-tehnica.ru/shiny/bridgestone;https://otzivi-online.ru/katalog/shiny/brand-is-bridgestone/;https://blacktyres.ru/otzyvy-o-shinah/bridgestone/;https://partreview.ru/brand/bridgestone-269/shina-142/;https://infoshiny.ru/otzyvy/bridgestone
как стать питонистом отзывы;2000;https://www.drom.ru/shina/bridgestone/;https://www.pokrishka.ru/otzyvy-o-shinah/bridgestone/;https://irecommend.ru/catalog/reviews/54-16854;https://m.market.yandex.ru/catalog--avtomobilnye-shiny-gislaved-otzyvy-pokupatelei/54469/list?show-reviews=1&glfilter=7893318:152786;https://mosautoshina.ru/review/bridgestone/;https://otzovik.com/reviews/zimnie_shini_bridgestone/;https://www.nakolesah.ru/otzyvy/tire/bridgestone.aspx;https://www.drive2.ru/o/Bridgestone-Rus/reviews;https://otzivi-tut.ru/category/avto/shiny/bridgestone_brand/;https://sbermegamarket.ru/review/shiny-i-diski/brand-bridgestone/;https://www.ozon.ru/category/shiny-zimnie-8803/bridgestone-30315681/review/;https://otziv-otziv.ru/katalog/shiny/shiny-bridgestone/;https://www.aport.ru/brands/bridgestone/pid2120/review;https://www.4tochki.ru/opinions/tyres/bridgestone/;https://autoiwc.ru/partsrev/brand/bridgestone/letnie-shini/;https://top-tehnica.ru/shiny/bridgestone;https://otzivi-online.ru/katalog/shiny/brand-is-bridgestone/;https://blacktyres.ru/otzyvy-o-shinah/bridgestone/;https://partreview.ru/brand/bridgestone-269/shina-142/;https://infoshiny.ru/otzyvy/bridgestone
как стать питонистом отзывы;1500;https://www.drom.ru/shina/bridgestone/;https://www.pokrishka.ru/otzyvy-o-shinah/bridgestone/;https://irecommend.ru/catalog/reviews/54-16854;https://m.market.yandex.ru/catalog--avtomobilnye-shiny-gislaved-otzyvy-pokupatelei/54469/list?show-reviews=1&glfilter=7893318:152786;https://mosautoshina.ru/review/bridgestone/;https://otzovik.com/reviews/zimnie_shini_bridgestone/;https://www.nakolesah.ru/otzyvy/tire/bridgestone.aspx;https://www.drive2.ru/o/Bridgestone-Rus/reviews;https://otzivi-tut.ru/category/avto/shiny/bridgestone_brand/;https://sbermegamarket.ru/review/shiny-i-diski/brand-bridgestone/;https://www.ozon.ru/category/shiny-zimnie-8803/bridgestone-30315681/review/;https://otziv-otziv.ru/katalog/shiny/shiny-bridgestone/;https://www.aport.ru/brands/bridgestone/pid2120/review;https://www.4tochki.ru/opinions/tyres/bridgestone/;https://autoiwc.ru/partsrev/brand/bridgestone/letnie-shini/;https://top-tehnica.ru/shiny/bridgestone;https://otzivi-online.ru/katalog/shiny/brand-is-bridgestone/;https://blacktyres.ru/otzyvy-o-shinah/bridgestone/;https://partreview.ru/brand/bridgestone-269/shina-142/;https://infoshiny.ru/otzyvy/bridgestone
как стать питонистом отзывы;1000;https://www.drom.ru/shina/bridgestone/;https://www.pokrishka.ru/otzyvy-o-shinah/bridgestone/;https://irecommend.ru/catalog/reviews/54-16854;https://m.market.yandex.ru/catalog--avtomobilnye-shiny-gislaved-otzyvy-pokupatelei/54469/list?show-reviews=1&glfilter=7893318:152786;https://mosautoshina.ru/review/bridgestone/;https://otzovik.com/reviews/zimnie_shini_bridgestone/;https://www.nakolesah.ru/otzyvy/tire/bridgestone.aspx;https://www.drive2.ru/o/Bridgestone-Rus/reviews;https://otzivi-tut.ru/category/avto/shiny/bridgestone_brand/;https://sbermegamarket.ru/review/shiny-i-diski/brand-bridgestone/;https://www.ozon.ru/category/shiny-zimnie-8803/bridgestone-30315681/review/;https://otziv-otziv.ru/katalog/shiny/shiny-bridgestone/;https://www.aport.ru/brands/bridgestone/pid2120/review;https://www.4tochki.ru/opinions/tyres/bridgestone/;https://autoiwc.ru/partsrev/brand/bridgestone/letnie-shini/;https://top-tehnica.ru/shiny/bridgestone;https://otzivi-online.ru/katalog/shiny/brand-is-bridgestone/;https://blacktyres.ru/otzyvy-o-shinah/bridgestone/;https://partreview.ru/brand/bridgestone-269/shina-142/;https://infoshiny.ru/otzyvy/bridgestone
как стать питонистом отзывы;500;https://www.drom.ru/shina/bridgestone/;https://www.pokrishka.ru/otzyvy-o-shinah/bridgestone/;https://irecommend.ru/catalog/reviews/54-16854;https://m.market.yandex.ru/catalog--avtomobilnye-shiny-gislaved-otzyvy-pokupatelei/54469/list?show-reviews=1&glfilter=7893318:152786;https://mosautoshina.ru/review/bridgestone/;https://otzovik.com/reviews/zimnie_shini_bridgestone/;https://www.nakolesah.ru/otzyvy/tire/bridgestone.aspx;https://www.drive2.ru/o/Bridgestone-Rus/reviews;https://otzivi-tut.ru/category/avto/shiny/bridgestone_brand/;https://sbermegamarket.ru/review/shiny-i-diski/brand-bridgestone/;https://www.ozon.ru/category/shiny-zimnie-8803/bridgestone-30315681/review/;https://otziv-otziv.ru/katalog/shiny/shiny-bridgestone/;https://www.aport.ru/brands/bridgestone/pid2120/review;https://www.4tochki.ru/opinions/tyres/bridgestone/;https://autoiwc.ru/partsrev/brand/bridgestone/letnie-shini/;https://top-tehnica.ru/shiny/bridgestone;https://otzivi-online.ru/katalog/shiny/brand-is-bridgestone/;https://blacktyres.ru/otzyvy-o-shinah/bridgestone/;https://partreview.ru/brand/bridgestone-269/shina-142/;https://infoshiny.ru/otzyvy/bridgestone
как стать питонистом отзывы;400;https://www.drom.ru/shina/bridgestone/;https://www.pokrishka.ru/otzyvy-o-shinah/bridgestone/;https://irecommend.ru/catalog/reviews/54-16854;https://m.market.yandex.ru/catalog--avtomobilnye-shiny-gislaved-otzyvy-pokupatelei/54469/list?show-reviews=1&glfilter=7893318:152786;https://mosautoshina.ru/review/bridgestone/;https://otzovik.com/reviews/zimnie_shini_bridgestone/;https://www.nakolesah.ru/otzyvy/tire/bridgestone.aspx;https://www.drive2.ru/o/Bridgestone-Rus/reviews;https://otzivi-tut.ru/category/avto/shiny/bridgestone_brand/;https://sbermegamarket.ru/review/shiny-i-diski/brand-bridgestone/;https://www.ozon.ru/category/shiny-zimnie-8803/bridgestone-30315681/review/;https://otziv-otziv.ru/katalog/shiny/shiny-bridgestone/;https://www.aport.ru/brands/bridgestone/pid2120/review;https://www.4tochki.ru/opinions/tyres/bridgestone/;https://autoiwc.ru/partsrev/brand/bridgestone/letnie-shini/;https://top-tehnica.ru/shiny/bridgestone;https://otzivi-online.ru/katalog/shiny/brand-is-bridgestone/;https://blacktyres.ru/otzyvy-o-shinah/bridgestone/;https://partreview.ru/brand/bridgestone-269/shina-142/;https://infoshiny.ru/otzyvy/bridgestone
как стать питонистом отзывы;300;https://www.drom.ru/shina/bridgestone/;https://www.pokrishka.ru/otzyvy-o-shinah/bridgestone/;https://irecommend.ru/catalog/reviews/54-16854;https://m.market.yandex.ru/catalog--avtomobilnye-shiny-gislaved-otzyvy-pokupatelei/54469/list?show-reviews=1&glfilter=7893318:152786;https://mosautoshina.ru/review/bridgestone/;https://otzovik.com/reviews/zimnie_shini_bridgestone/;https://www.nakolesah.ru/otzyvy/tire/bridgestone.aspx;https://www.drive2.ru/o/Bridgestone-Rus/reviews;https://otzivi-tut.ru/category/avto/shiny/bridgestone_brand/;https://sbermegamarket.ru/review/shiny-i-diski/brand-bridgestone/;https://www.ozon.ru/category/shiny-zimnie-8803/bridgestone-30315681/review/;https://otziv-otziv.ru/katalog/shiny/shiny-bridgestone/;https://www.aport.ru/brands/bridgestone/pid2120/review;https://www.4tochki.ru/opinions/tyres/bridgestone/;https://autoiwc.ru/partsrev/brand/bridgestone/letnie-shini/;https://top-tehnica.ru/shiny/bridgestone;https://otzivi-online.ru/katalog/shiny/brand-is-bridgestone/;https://blacktyres.ru/otzyvy-o-shinah/bridgestone/;https://partreview.ru/brand/bridgestone-269/shina-142/;https://infoshiny.ru/otzyvy/bridgestone
как стать питонистом отзывы;200;https://www.drom.ru/shina/bridgestone/;https://www.pokrishka.ru/otzyvy-o-shinah/bridgestone/;https://irecommend.ru/catalog/reviews/54-16854;https://m.market.yandex.ru/catalog--avtomobilnye-shiny-gislaved-otzyvy-pokupatelei/54469/list?show-reviews=1&glfilter=7893318:152786;https://mosautoshina.ru/review/bridgestone/;https://otzovik.com/reviews/zimnie_shini_bridgestone/;https://www.nakolesah.ru/otzyvy/tire/bridgestone.aspx;https://www.drive2.ru/o/Bridgestone-Rus/reviews;https://otzivi-tut.ru/category/avto/shiny/bridgestone_brand/;https://sbermegamarket.ru/review/shiny-i-diski/brand-bridgestone/;https://www.ozon.ru/category/shiny-zimnie-8803/bridgestone-30315681/review/;https://otziv-otziv.ru/katalog/shiny/shiny-bridgestone/;https://www.aport.ru/brands/bridgestone/pid2120/review;https://www.4tochki.ru/opinions/tyres/bridgestone/;https://autoiwc.ru/partsrev/brand/bridgestone/letnie-shini/;https://top-tehnica.ru/shiny/bridgestone;https://otzivi-online.ru/katalog/shiny/brand-is-bridgestone/;https://blacktyres.ru/otzyvy-o-shinah/bridgestone/;https://partreview.ru/brand/bridgestone-269/shina-142/;https://infoshiny.ru/otzyvy/bridgestone
как стать питонистом отзывы;100;https://www.drom.ru/shina/bridgestone/;https://www.pokrishka.ru/otzyvy-o-shinah/bridgestone/;https://irecommend.ru/catalog/reviews/54-16854;https://m.market.yandex.ru/catalog--avtomobilnye-shiny-gislaved-otzyvy-pokupatelei/54469/list?show-reviews=1&glfilter=7893318:152786;https://mosautoshina.ru/review/bridgestone/;https://otzovik.com/reviews/zimnie_shini_bridgestone/;https://www.nakolesah.ru/otzyvy/tire/bridgestone.aspx;https://www.drive2.ru/o/Bridgestone-Rus/reviews;https://otzivi-tut.ru/category/avto/shiny/bridgestone_brand/;https://sbermegamarket.ru/review/shiny-i-diski/brand-bridgestone/;https://www.ozon.ru/category/shiny-zimnie-8803/bridgestone-30315681/review/;https://otziv-otziv.ru/katalog/shiny/shiny-bridgestone/;https://www.aport.ru/brands/bridgestone/pid2120/review;https://www.4tochki.ru/opinions/tyres/bridgestone/;https://autoiwc.ru/partsrev/brand/bridgestone/letnie-shini/;https://top-tehnica.ru/shiny/bridgestone;https://otzivi-online.ru/katalog/shiny/brand-is-bridgestone/;https://blacktyres.ru/otzyvy-o-shinah/bridgestone/;https://partreview.ru/brand/bridgestone-269/shina-142/;https://infoshiny.ru/otzyvy/bridgestone
как стать питонистом отзывы;50;https://www.drom.ru/shina/bridgestone/;https://www.pokrishka.ru/otzyvy-o-shinah/bridgestone/;https://irecommend.ru/catalog/reviews/54-16854;https://m.market.yandex.ru/catalog--avtomobilnye-shiny-gislaved-otzyvy-pokupatelei/54469/list?show-reviews=1&glfilter=7893318:152786;https://mosautoshina.ru/review/bridgestone/;https://otzovik.com/reviews/zimnie_shini_bridgestone/;https://www.nakolesah.ru/otzyvy/tire/bridgestone.aspx;https://www.drive2.ru/o/Bridgestone-Rus/reviews;https://otzivi-tut.ru/category/avto/shiny/bridgestone_brand/;https://sbermegamarket.ru/review/shiny-i-diski/brand-bridgestone/;https://www.ozon.ru/category/shiny-zimnie-8803/bridgestone-30315681/review/;https://otziv-otziv.ru/katalog/shiny/shiny-bridgestone/;https://www.aport.ru/brands/bridgestone/pid2120/review;https://www.4tochki.ru/opinions/tyres/bridgestone/;https://autoiwc.ru/partsrev/brand/bridgestone/letnie-shini/;https://top-tehnica.ru/shiny/bridgestone;https://otzivi-online.ru/katalog/shiny/brand-is-bridgestone/;https://blacktyres.ru/otzyvy-o-shinah/bridgestone/;https://partreview.ru/brand/bridgestone-269/shina-142/;https://infoshiny.ru/otzyvy/bridgestone
как стать питонистом отзывы;10;https://www.drom.ru/shina/bridgestone/;https://www.pokrishka.ru/otzyvy-o-shinah/bridgestone/;https://irecommend.ru/catalog/reviews/54-16854;https://m.market.yandex.ru/catalog--avtomobilnye-shiny-gislaved-otzyvy-pokupatelei/54469/list?show-reviews=1&glfilter=7893318:152786;https://mosautoshina.ru/review/bridgestone/;https://otzovik.com/reviews/zimnie_shini_bridgestone/;https://www.nakolesah.ru/otzyvy/tire/bridgestone.aspx;https://www.drive2.ru/o/Bridgestone-Rus/reviews;https://otzivi-tut.ru/category/avto/shiny/bridgestone_brand/;https://sbermegamarket.ru/review/shiny-i-diski/brand-bridgestone/;https://www.ozon.ru/category/shiny-zimnie-8803/bridgestone-30315681/review/;https://otziv-otziv.ru/katalog/shiny/shiny-bridgestone/;https://www.aport.ru/brands/bridgestone/pid2120/review;https://www.4tochki.ru/opinions/tyres/bridgestone/;https://autoiwc.ru/partsrev/brand/bridgestone/letnie-shini/;https://top-tehnica.ru/shiny/bridgestone;https://otzivi-online.ru/katalog/shiny/brand-is-bridgestone/;https://blacktyres.ru/otzyvy-o-shinah/bridgestone/;https://partreview.ru/brand/bridgestone-269/shina-142/;https://infoshiny.ru/otzyvy/bridgestone
